{
  "num_trades": 30,
  "observation_time": 1714521600,
  "result_hash": "48735f96ab8ffcb0d94e851ccd74cbb5f2b6787bbfcf3215d8bb5eaabc53389a",
  "total_return": 0.5755089572498757,
  "win_rate": 0.6666666666666666
}
