{
  "num_trades": 30,
  "observation_time": 1714521600,
  "result_hash": "422b5902cc65c22080fc40e97bddd0f111d6bb95628f7795eff2ca7c857c810f",
  "total_return": 0.5755089572498757,
  "win_rate": 0.6666666666666666
}
