{
  "num_trades": 30,
  "observation_time": 1714521600,
  "result_hash": "a837565855d6db65b2289e8692ada62ec94838cff9ea58a8b4cd550db3f7ad7a",
  "total_return": 0.5755089572498757,
  "win_rate": 0.6666666666666666
}
