{
  "num_trades": 30,
  "observation_time": 1714521600,
  "result_hash": "995cc4548f66fffd788853ea89909340d93636f02084540fa9e5c605e134e18b",
  "total_return": 0.5755089572498757,
  "win_rate": 0.6666666666666666
}
