{
  "num_trades": 30,
  "observation_time": 1714521600,
  "result_hash": "cf32074cf78e0fc3fd0f92b2aadaf9aeac7197fbc9061a8b1139c206ec86abce",
  "total_return": 0.5755089572498757,
  "win_rate": 0.6666666666666666
}
