{
  "num_trades": 30,
  "observation_time": 1714521600,
  "result_hash": "ec7909ca31482338b62c04fb67184a76634c21349764e7eea16d5a31301c2b16",
  "total_return": 0.5755089572498757,
  "win_rate": 0.6666666666666666
}
