{
  "num_trades": 30,
  "observation_time": 1714521600,
  "result_hash": "a67f9d64cbf293f4fa57ff89354037e0007b2a3d5e9b839b465fdf45056f3b3f",
  "total_return": 0.5755089572498757,
  "win_rate": 0.6666666666666666
}
