{
  "num_trades": 30,
  "observation_time": 1714521600,
  "result_hash": "39542f20f789b569b120f94e59917a8072940882ba7ea3d74a7bf700581ed5a2",
  "total_return": 0.5755089572498757,
  "win_rate": 0.6666666666666666
}
