{
  "num_trades": 30,
  "observation_time": 1714521600,
  "result_hash": "eed0ee8eae0c92c82ea5604e43fe81d37770b0f913bf5ec4d8e2e44d609e881e",
  "total_return": 0.5755089572498757,
  "win_rate": 0.6666666666666666
}
