{
  "num_trades": 12,
  "observation_time": 1767225600,
  "result_hash": "7568d10c03254b9529b1d31378ac448e07ff35511c7735078ce76622cbae6c8c",
  "total_return": -0.02426414158878909,
  "win_rate": 0.9166666666666666
}
