{
  "num_trades": 12,
  "observation_time": 1767225600,
  "result_hash": "761721c37111f9abe384c5cc506b7f504b235357e01f61cc7a29475face0fa4f",
  "total_return": -0.02426414158878909,
  "win_rate": 0.9166666666666666
}
