{
  "num_trades": 12,
  "observation_time": 1767225600,
  "result_hash": "4c3fedb519954e1dbe5ab8fdbc516b89cf6285bbb30c5714aee87e366359dc63",
  "total_return": -0.02426414158878909,
  "win_rate": 0.9166666666666666
}
