{
  "num_trades": 12,
  "observation_time": 1767225600,
  "result_hash": "a629a675b2a5bdbf2df806040afcf522dc07d4dc1f96d58a399669a8e66bd074",
  "total_return": -0.02426414158878909,
  "win_rate": 0.9166666666666666
}
