{
  "num_trades": 12,
  "observation_time": 1767225600,
  "result_hash": "3236924ee1a744561c5577d778de800f7cbbdc24a21baeefe3993fe5e7bf022e",
  "total_return": -0.02426414158878909,
  "win_rate": 0.9166666666666666
}
