{
  "num_trades": 12,
  "observation_time": 1767225600,
  "result_hash": "df6e5de95c0e5cc4989109ca0331bb717b8d9c96cefe1cf79c834cba74c95333",
  "total_return": -0.02426414158878909,
  "win_rate": 0.9166666666666666
}
