{
  "num_trades": 12,
  "observation_time": 1767225600,
  "result_hash": "207cea61da6b185aeaf3c5c944977bbed4d8a9ffcc65babbd997f53c283bb63a",
  "total_return": -0.02426414158878909,
  "win_rate": 0.9166666666666666
}
