{
  "num_trades": 12,
  "observation_time": 1767225600,
  "result_hash": "d348cf506032227a846393293c3f4c62b144908dda96b9a56593200784f1dfc8",
  "total_return": -0.02426414158878909,
  "win_rate": 0.9166666666666666
}
