{
  "num_trades": 12,
  "observation_time": 1767225600,
  "result_hash": "4b2672a0a09de5a1925f238b43b013dd63fc49e26cfe3035d5527e11c6c6d5de",
  "total_return": -0.02426414158878909,
  "win_rate": 0.9166666666666666
}
