{
  "num_trades": 12,
  "observation_time": 1767225600,
  "result_hash": "7225938efc6f1a3856ff0dcf7dd42d9055e138028e76054a0a800e310243a859",
  "total_return": -0.02426414158878909,
  "win_rate": 0.9166666666666666
}
