{
  "num_trades": 12,
  "observation_time": 1767225600,
  "result_hash": "43e6b5d9b59e60526e576552c63bfb0bec0fba4b2a86bd88549b3566e07901b4",
  "total_return": -0.02426414158878909,
  "win_rate": 0.9166666666666666
}
