{
  "num_trades": 35,
  "result_hash": "d38e9e3b179dfff0b893571c44a520359559a085ae5c4a30c2f3734738a1e193",
  "total_return": 0.04848078996202321,
  "win_rate": 0.45714285714285713
}
