{
  "num_trades": 35,
  "result_hash": "a7cb1e25be120ff3ba00ffe6184d0f38ac20c95bfad67fee0d9e5b9e3ed8f4f2",
  "total_return": 0.04848078996202321,
  "win_rate": 0.45714285714285713
}
