{
  "num_trades": 35,
  "result_hash": "f6a7d7a84e8a3d3b9a225cff23ee3dceab366fc9219a895df044555f66adb0d7",
  "total_return": 0.04848078996202321,
  "win_rate": 0.45714285714285713
}
