{
  "num_trades": 35,
  "result_hash": "90d05a294c89a2e7e73af78907f0ee4ae0cf3c0a0dc39d5a8610065a3abaf361",
  "total_return": 0.04848078996202321,
  "win_rate": 0.45714285714285713
}
