{
  "num_trades": 35,
  "result_hash": "659349166c0ca6716a7d7d50bece443811819b045e9687e6133e1308b0aa14db",
  "total_return": 0.04848078996202321,
  "win_rate": 0.45714285714285713
}
