{
  "num_trades": 35,
  "result_hash": "65d7ea95bde32d5f4349ef32e73f8a4d4605e7e52e8d106284a0a985b6cd9760",
  "total_return": 0.04848078996202321,
  "win_rate": 0.45714285714285713
}
