{
  "num_trades": 35,
  "result_hash": "f13036339552fda089fd963c9b0d4d061080e88ec19ee201a87d5faefc6deb9d",
  "total_return": 0.04848078996202321,
  "win_rate": 0.45714285714285713
}
