{
  "num_trades": 35,
  "result_hash": "9c3d3341c924ad46f5ca3895601d5143e47ed56bfc402209d11bedc584b81515",
  "total_return": 0.04848078996202321,
  "win_rate": 0.45714285714285713
}
