{
  "num_trades": 35,
  "result_hash": "75b67d0d954175c9daf3ee2b6f2b2ba426a47da115497f1f62fd449ecea01abf",
  "total_return": 0.04848078996202321,
  "win_rate": 0.45714285714285713
}
