{
  "num_trades": 35,
  "result_hash": "72484025300dc2006804aa4bb52542b763cc9a13195dc4c3aaeeca8ca095883c",
  "total_return": 0.04848078996202321,
  "win_rate": 0.45714285714285713
}
