{
  "num_trades": 35,
  "result_hash": "8826261ff0e3b1175b295896a571da3d26a1f4a1f3c4908351366ed31e5fb7b1",
  "total_return": 0.04848078996202321,
  "win_rate": 0.45714285714285713
}
