{
  "num_trades": 35,
  "result_hash": "cf8fa097c7e09781d5edd308605249b3dc81b3c9df500f7ecbc7ffb06a85a5ed",
  "total_return": 0.04848078996202321,
  "win_rate": 0.45714285714285713
}
